timestamp,file,operation,source directory,target directory
1693451685.1835487,shakram02.bash-beautify-0.1.1.vsix,move,C:\Users\nickt\Downloads,C:\Users\nickt\test
1693451685.19932,shakram02.bash-beautify-0.1.1.vsix,undo move,C:\Users\nickt\test,C:\Users\nickt\Downloads
1693451698.274,shakram02.bash-beautify-0.1.1.vsix,move,C:\Users\nickt\Downloads,C:\Users\nickt\test
1693451698.2888405,shakram02.bash-beautify-0.1.1.vsix,undo move,C:\Users\nickt\test,C:\Users\nickt\Downloads
1693451713.6871538,Tag_Folder.bat,move,C:\Users\nickt\Downloads,C:\Users\nickt\test
1693451713.704563,Tag_Folder.bat,undo move,C:\Users\nickt\test,C:\Users\nickt\Downloads
1693451977.152099,download.jfif,move,C:\Users\nickt\Downloads,C:\Users\nickt\Pictures\lamp_pics
1693452125.413928,images (1).jfif,move,C:\Users\nickt\Downloads,C:\Users\nickt\Pictures\lamp_pics
1693452126.5729566,images.jfif,move,C:\Users\nickt\Downloads,C:\Users\nickt\Pictures\lamp_pics
1693452127.6456566,download (2).jfif,move,C:\Users\nickt\Downloads,C:\Users\nickt\Pictures\lamp_pics
1693452128.301561,download (1).jfif,move,C:\Users\nickt\Downloads,C:\Users\nickt\Pictures\lamp_pics
1693452128.934096,download.jfif,move,C:\Users\nickt\Downloads,C:\Users\nickt\Pictures\lamp_pics
1693452133.0067904,polar-table-lamp.jpg,move,C:\Users\nickt\Downloads,C:\Users\nickt\Pictures\lamp_pics
1693492510.214068,Lab 1-Fall 2023.pdf,move,C:\Users\nickt\Downloads,C:\Users\nickt\OneDrive\~ School\SE_317
1693492746.0617907,_OceanofPDF.com_Pragmatic_Unit_Testing_in_Java_8_with_Junit_-_Jeff_Langr.pdf,move,C:\Users\nickt\Downloads,C:\Users\nickt\OneDrive\~ School\SE_317\labs
1693492963.7774348,utj2-code (1)-1.zip,move,C:\Users\nickt\Downloads,C:\Users\nickt\OneDrive\~ School\SE_317\labs\lab1
1693492965.2131426,utj2-code (1).zip,move,C:\Users\nickt\Downloads,C:\Users\nickt\OneDrive\~ School\SE_317\labs\lab1
1693494093.7795422,317_Slides_lab_Canvas.pdf,move,C:\Users\nickt\Downloads,C:\Users\nickt\OneDrive\~ School\SE_317\labs\lab1
1693498107.0005715,Team_Project_SE_329_2023_Project_Narrative.pdf,move,C:\Users\nickt\Downloads,C:\Users\nickt\OneDrive\~ School\SE_329
1693499199.0001123,SE 329_Deliverable_2.pdf,move,C:\Users\nickt\Downloads,C:\Users\nickt\OneDrive\~ School\SE_329\deliverables\deliverable2
1693576899.3116717,ITPM_01_Gaffar 2023.pdf,move,C:\Users\nickt\Downloads,C:\Users\nickt\OneDrive\~ School\SE_329
1693583407.608086,Deliverable 1.pdf,move,C:\Users\nickt\Downloads,C:\Users\nickt\OneDrive\~ School\SE_329\deliverables\deliverable1
1693583491.6228323,Deliverable 1.pdf,move,C:\Users\nickt\Downloads,C:\Users\nickt\OneDrive\~ School\SE_329\deliverables\deliverable1
1694010084.3577225,SE 339 - Lecture 2 - Aug 29- Introduction.pdf,move,C:\Users\nickt\Downloads,C:\Users\nickt\OneDrive\~ School\CPRE_339\slides
1694010086.5452425,SE 339 - Lecture 3 - Aug 31- Introduction.pdf,move,C:\Users\nickt\Downloads,C:\Users\nickt\OneDrive\~ School\CPRE_339\slides
1694010113.290582,SE 339 - Lecture 1 - Aug 22- Course Overview.pdf,move,C:\Users\nickt\Downloads,C:\Users\nickt\OneDrive\~ School\CPRE_339\slides
1694030246.249015,pdf_to_text.txt,move,C:\Users\nickt\Downloads,C:\Users\nickt\OneDrive\~School\cpre_339\quizzes\quiz_1
1694035471.5382257,makefile,move,C:\Users\nickt\Downloads,C:\Users\nickt\OneDrive\`School\cpre_339\quizzes\quiz_1
1694035473.1388848,eclipse-inst-jre-win64.exe,move,C:\Users\nickt\Downloads,C:\Users\nickt\OneDrive\`School\cpre_339\quizzes\quiz_1
1694097343.4651067,++Course_schedule_317_Fall2023.pdf,move,C:\Users\nickt\Downloads,C:\Users\nickt\OneDrive\School\se_317
1694124138.905298,373426367_746843253878182_4578895297503285178_n.jpg,move,C:\Users\nickt\Downloads,C:\Users\nickt\OneDrive\School\com_s_311
1694124161.5325325,hw1.pdf,move,C:\Users\nickt\Downloads,C:\Users\nickt\OneDrive\School\com_s_311
1694124163.3157337,hw1.tex,move,C:\Users\nickt\Downloads,C:\Users\nickt\OneDrive\School\com_s_311
1694124210.2759485,hw1.pdf,move,C:\Users\nickt\Downloads,C:\Users\nickt\OneDrive\School\com_s_311\homework\hw1
1694124252.1485376,hw1.tex,move,C:\Users\nickt\Downloads,C:\
1694124583.4838028,hw1.tex,move,C:\Users\nickt\Downloads,C:\
1694124629.574959,hw1.tex,move,C:\Users\nickt\Downloads,C:\Users\nickt\OneDrive\School\com_s_311\homework\hw1
1694126560.3567886,problems.pdf,move,C:\Users\nickt\Downloads,C:\Users\nickt\OneDrive\School\com_s_311
1694126621.7628505,3-week.pdf,move,C:\Users\nickt\Downloads,C:\Users\nickt\OneDrive\School\com_s_311\recitation
1694126623.2264996,2-week.pdf,move,C:\Users\nickt\Downloads,C:\Users\nickt\OneDrive\School\com_s_311\recitation
1694187740.1188638,lec08-scheduling1.pdf,move,C:\Users\nickt\Downloads,C:\Users\nickt\OneDrive\School\cpre_308\slides
1694187742.5044363,lec07-process3.pdf,move,C:\Users\nickt\Downloads,C:\Users\nickt\OneDrive\School\cpre_308\slides
1694187743.9199898,lec06-process2.pdf,move,C:\Users\nickt\Downloads,C:\Users\nickt\OneDrive\School\cpre_308\slides
1694187745.094268,lec05-process1.pdf,move,C:\Users\nickt\Downloads,C:\Users\nickt\OneDrive\School\cpre_308\slides
1694187746.2696202,lec04-intro3.pdf,move,C:\Users\nickt\Downloads,C:\Users\nickt\OneDrive\School\cpre_308\slides
1694187747.6491003,lec03-intro2.pdf,move,C:\Users\nickt\Downloads,C:\Users\nickt\OneDrive\School\cpre_308\slides
1694187749.0180845,lec02-intro1.pdf,move,C:\Users\nickt\Downloads,C:\Users\nickt\OneDrive\School\cpre_308\slides
1694187750.9068146,lec01-warmup.pdf,move,C:\Users\nickt\Downloads,C:\Users\nickt\OneDrive\School\cpre_308\slides
1694555852.123517,CPR E 308 HW1.pdf,move,C:\Users\nickt\Downloads,C:\Users\nickt\OneDrive\School\cpre_308\homework\hw1
1694613763.1822915,4-week.pdf,move,C:\Users\nickt\Downloads,C:\Users\nickt\OneDrive\School\com_s_311\recitation
1694625458.0772262,CPRE 308 - HW1.pdf,move,C:\Users\nickt\Downloads,C:\Users\nickt\OneDrive\School\cpre_308\homework\hw1
1694701988.4848354,SE 317_Fall2023-Lab2.pdf,move,C:\Users\nickt\Downloads,C:\Users\nickt\OneDrive\School\se_317\labs\lab2
1694709066.520991,Team_Project_SE_329_2023_Tips.pdf,move,C:\Users\nickt\Downloads,C:\Users\nickt\OneDrive\School\se_329\deliverables
1694786355.0845194,hw2-Q.tex,move,C:\Users\nickt\Downloads,C:\Users\nickt\OneDrive\School\cpre_308\homework\hw2
1694786356.7050493,hw2-Q.pdf,move,C:\Users\nickt\Downloads,C:\Users\nickt\OneDrive\School\cpre_308\homework\hw2
1694787712.9836762,4-week.pdf,move,C:\Users\nickt\Downloads,C:\Users\nickt\OneDrive\School\com_s_311\recitation\week-4
1695046192.4423954,CPR E 308 Project 1 - UNIX Shell.pdf,move,C:\Users\nickt\Downloads,C:\Users\nickt\OneDrive\School\cpre_308\projects\project1
1695046332.7648497,Task 2 early Project Prototype .pdf,move,C:\Users\nickt\Downloads,C:\Users\nickt\OneDrive\School\se_329\deliverables\deliverable3
1695140055.0204897,SE 339 - Lecture 5 - Sep 14- Architecture Characteristics.pdf,move,C:\Users\nickt\Downloads,C:\Users\nickt\OneDrive\School\cpre_339\slides
1695140056.2416847,SE 339 - Lecture 4 - Sep 12- Introduction.pdf,move,C:\Users\nickt\Downloads,C:\Users\nickt\OneDrive\School\cpre_339\slides
1695218491.1828096,lec13-ClassicIPCDeadlocks.pdf,move,C:\Users\nickt\Downloads,C:\Users\nickt\OneDrive\School\cpre_308\slides
1695218867.5052984,lec09-scheduling2.pdf,move,C:\Users\nickt\Downloads,C:\Users\nickt\OneDrive\School\cpre_308\slides
1695218868.9628897,lec10-IPC1.pdf,move,C:\Users\nickt\Downloads,C:\Users\nickt\OneDrive\School\cpre_308\slides
1695218870.2560003,lec11-IPC2.pdf,move,C:\Users\nickt\Downloads,C:\Users\nickt\OneDrive\School\cpre_308\slides
1695218871.5017638,lec12-IPC3.pdf,move,C:\Users\nickt\Downloads,C:\Users\nickt\OneDrive\School\cpre_308\slides
1695222630.4367971,lec09-scheduling2.pdf,move,C:\Users\nickt\Downloads,C:\Users\nickt\TODAY
1695222630.4382508,lec10-IPC1.pdf,move,C:\Users\nickt\Downloads,C:\Users\nickt\TODAY
1695222630.4392529,lec11-IPC2.pdf,move,C:\Users\nickt\Downloads,C:\Users\nickt\TODAY
1695222630.4396923,lec12-IPC3.pdf,move,C:\Users\nickt\Downloads,C:\Users\nickt\TODAY
1695222657.0620754,lec12-IPC3(1).pdf,move,C:\Users\nickt\Downloads,C:\Users\nickt\TODAY
1695224600.5784595,lec09-scheduling2.pdf,move,C:\Users\nickt\Downloads,C:\Users\nickt\TODAY
1695224600.5791523,lec10-IPC1.pdf,move,C:\Users\nickt\Downloads,C:\Users\nickt\TODAY
1695224600.5795643,lec11-IPC2.pdf,move,C:\Users\nickt\Downloads,C:\Users\nickt\TODAY
1695224600.5800164,lec12-IPC3(1a).pdf,move,C:\Users\nickt\Downloads,C:\Users\nickt\TODAY
1695224600.5807486,lec12-IPC3.pdf,move,C:\Users\nickt\Downloads,C:\Users\nickt\TODAY
1695224615.73156,lec12-IPC3.pdf,undo move,C:\Users\nickt\TODAY,C:\Users\nickt\Downloads1695226741.3200731,Ch02-mdtd_class_Ga_F23.pdf,move,C:\Users\nickt\Downloads,C:\Users\nickt\OneDrive\School\se_317\slides
1695226741.321072,Ch03-automation_JUnit.pdf,move,C:\Users\nickt\Downloads,C:\Users\nickt\OneDrive\School\se_317\slides
1695226741.3218899,Ch_1_Ammann_G.pdf,move,C:\Users\nickt\Downloads,C:\Users\nickt\OneDrive\School\se_317\slides
1695303101.83315,hw1.pdf,move,C:\Users\nickt\Downloads,C:\Users\nickt\OneDrive\School\com_s_311\homework\hw1
1695303157.4711387,hw1.pdf,undo move,C:\Users\nickt\OneDrive\School\com_s_311\homework\hw1,C:\Users\nickt\Downloads
1695303166.5410056,lec12-IPC3.pdf,move,C:\Users\nickt\Downloads,C:\Users\nickt\OneDrive\School\com_s_311\homework\hw1
1695303185.3042045,lec12-IPC3.pdf,undo move,C:\Users\nickt\OneDrive\School\com_s_311\homework\hw1,C:\Users\nickt\Downloads
1695303295.5173101,hw1-Q.pdf,move,C:\Users\nickt\Downloads,C:\Users\nickt\OneDrive\School\com_s_311\homework\hw1
1695312875.6477306,Deliverable_4_SRS.pdf,move,C:\Users\nickt\Downloads,C:\Users\nickt\OneDrive\School\se_329\deliverables\deliverable4
1695312875.6492245,srs_template-ieee.doc,move,C:\Users\nickt\Downloads,C:\Users\nickt\OneDrive\School\se_329\deliverables\deliverable4
1695313208.5777485,Deliverable 2.docx,move,C:\Users\nickt\Downloads,C:\Users\nickt\OneDrive\School\se_329\deliverables\deliverable3
1695390714.5038579,lec14-mid1review.pdf,move,C:\Users\nickt\Downloads,C:\Users\nickt\OneDrive\School\cpre_308\slides
1695667507.749297,SE 339 - Lecture 4 - Sep 12- Introduction.pdf,move,C:\Users\nickt\Downloads,C:\Users\nickt\OneDrive\School\cpre_339\slides
1695667507.7710774,SE 339 - Lecture 5 - Sep 14- Architecture Characteristics.pdf,move,C:\Users\nickt\Downloads,C:\Users\nickt\OneDrive\School\cpre_339\slides
1695667507.772142,SE 339 - Lecture 6 - Sep 21- Architecture Characteristics.pdf,move,C:\Users\nickt\Downloads,C:\Users\nickt\OneDrive\School\cpre_339\slides
1695673392.5857956,ITPM_02_Gaffar_F_23.pdf,move,C:\Users\nickt\Downloads,C:\Users\nickt\OneDrive\School\se_329\slides
1695673392.5872617,ITPM_05_Gaffar.pdf,move,C:\Users\nickt\Downloads,C:\Users\nickt\OneDrive\School\se_329\slides
1695823041.8867877,lec15-IntroMem.pdf,move,C:\Users\nickt\Downloads,C:\Users\nickt\OneDrive\School\cpre_308\slides
1695842073.0584419,6-week-Questions-Only.pdf,move,C:\Users\nickt\Downloads,C:\Users\nickt\OneDrive\School\com_s_311\recitation\week-6
1695996340.2082117,lec15-IntroMem.pdf,move,C:\Users\nickt\Downloads,C:\Users\nickt\OneDrive\School\cpre_308\slides
1695996340.2103732,lec16-segmentation.pdf,move,C:\Users\nickt\Downloads,C:\Users\nickt\OneDrive\School\cpre_308\slides
1695996864.0129857,lec16-segmentation.pdf,move,C:\Users\nickt\Downloads,C:\Users\nickt\OneDrive\School\cpre_308\slides
1695997874.8129635,lec16-segmentation.pdf,move,C:\Users\nickt\Downloads,C:\Users\nickt\OneDrive\School\cpre_308\slides
1695997880.4993572,Exam Review 1.pptx,move,C:\Users\nickt\Downloads,C:\Users\nickt\OneDrive\School\cpre_308\slides
1695997935.2536523,lec16-segmentation.pdf,move,C:\Users\nickt\Downloads,C:\Users\nickt\OneDrive\School\cpre_308\slides
1696266428.3568482,CPR E 308 Project 1 - UNIX Shell.pdf,move,C:\Users\nickt\Downloads,C:\Users\nickt\projects\c\cpre_308_project_1
1696345566.3639011,PXL_20231003_150427543.jpg,move,C:\Users\nickt\Downloads,C:\Users\nickt\OneDrive\School\se_317
1696427704.231401,lec17-FreeSpaceManage.pdf,move,C:\Users\nickt\Downloads,C:\Users\nickt\OneDrive\School\cpre_308\slides
1696427704.233498,lec18-paging.pdf,move,C:\Users\nickt\Downloads,C:\Users\nickt\OneDrive\School\cpre_308\slides
1696866600.3530464,SE 339 - Lecture 7 - Oct 03- Availability.pdf,move,C:\Users\nickt\Downloads,C:\Users\nickt\OneDrive\School\cpre_339\slides
1696866600.3540323,SE 339 - Lecture 8 - Oct 05- Availability.pdf,move,C:\Users\nickt\Downloads,C:\Users\nickt\OneDrive\School\cpre_339\slides
1697123749.3489594,hw4.pdf,move,C:\Users\nickt\Downloads,C:\Users\nickt\OneDrive\School\com_s_311\homework\hw4
1697123801.345712,1.txt,move,C:\Users\nickt\Downloads,C:\Users\nickt\OneDrive\School\com_s_311\homework
1697123801.3517532,11.txt,move,C:\Users\nickt\Downloads,C:\Users\nickt\OneDrive\School\com_s_311\homework
1697123801.3528185,2.txt,move,C:\Users\nickt\Downloads,C:\Users\nickt\OneDrive\School\com_s_311\homework
1697123801.353582,21.txt,move,C:\Users\nickt\Downloads,C:\Users\nickt\OneDrive\School\com_s_311\homework
1697123801.3543358,pa1.pdf,move,C:\Users\nickt\Downloads,C:\Users\nickt\OneDrive\School\com_s_311\homework
1697464541.5360768,308-homework2.pdf,move,C:\Users\nickt\Downloads,C:\Users\nickt\OneDrive\School\cpre_308\homework\hw2
1697569427.029272,CPRE 308 - HW2.pdf,move,C:\Users\nickt\Downloads,C:\Users\nickt\OneDrive\School\cpre_308\homework\hw2
1697648841.2531655,5-week.pdf,move,C:\Users\nickt\Downloads,C:\Users\nickt\OneDrive\School\com_s_311\recitation\week-5
1697648878.9297361,6-week.pdf,move,C:\Users\nickt\Downloads,C:\Users\nickt\OneDrive\School\com_s_311\recitation\week-6
1697648905.74519,7-week.pdf,move,C:\Users\nickt\Downloads,C:\Users\nickt\OneDrive\School\com_s_311\recitation\week-7
1697648924.7842166,8-week.pdf,move,C:\Users\nickt\Downloads,C:\Users\nickt\OneDrive\School\com_s_311\recitation\week-8
1698160029.2351165,ITPM_04_Gaffar.pptx,move,C:\Users\nickt\Downloads,C:\Users\nickt\OneDrive\School\se_329\slides
1698160029.2697618,ITPM_05_Gaffar.pdf,move,C:\Users\nickt\Downloads,C:\Users\nickt\OneDrive\School\se_329\slides
1698160085.7182717,ITPM_04_Gaffar - Tagged.pdf,move,C:\Users\nickt\Downloads,C:\Users\nickt\OneDrive\School\se_329\slides
1698162698.5347378,9-week.pdf,move,C:\Users\nickt\Downloads,C:\Users\nickt\OneDrive\School\com_s_311\recitation\9-week
1698162813.8737218,exam1-23.pdf,move,C:\Users\nickt\Downloads,C:\Users\nickt\OneDrive\School\com_s_311\midterms\midterm_1
1698182994.9805727,SE 339 - Lecture 9 - Oct 17- Testability.pdf,move,C:\Users\nickt\Downloads,C:\Users\nickt\OneDrive\School\cpre_339\midterms\midterm2
1698337500.2964356,395801777_6785837408196963_7488050047392437586_n.png,move,C:\Users\nickt\Downloads,C:\Users\nickt\OneDrive\School\~ SP24
1698337500.2982595,396249290_576668417918330_4541705449931683320_n.png,move,C:\Users\nickt\Downloads,C:\Users\nickt\OneDrive\School\~ SP24
1698676192.2653656,10-week.pdf,move,C:\Users\nickt\Downloads,C:\Users\nickt\OneDrive\School\com_s_311\recitation\10-week
1698676447.3730738,exam2-23-Front-Pages.pdf,move,C:\Users\nickt\Downloads,C:\Users\nickt\OneDrive\School\com_s_311\midterms\midterm_2
1698678061.6210585,SE 339 - Lecture 10 - Oct 24- Usability.pdf,move,C:\Users\nickt\Downloads,C:\Users\nickt\OneDrive\School\se_339\midterms\midterm2
1698703338.3210642,Exam Review #2.pdf,move,C:\Users\nickt\Downloads,C:\Users\nickt\OneDrive\School\com_s_311\midterms\midterm_2
1698767784.4095654,SE 339 - Lecture 11 - Oct 26- Architecture Styles.pdf,move,C:\Users\nickt\Downloads,C:\Users\nickt\OneDrive\School\se_339\midterms\midterm2
1698767816.3636312,Bowling Statistics.xlsx,move,C:\Users\nickt\Downloads,C:\Users\nickt\OneDrive\School\se_339\midterms\midterm2
1698767836.6887703,Bowling Statistics.xlsx,undo move,C:\Users\nickt\OneDrive\School\se_339\midterms\midterm2,C:\Users\nickt\Downloads
